<?xml version="1.0" encoding="UTF-8"?><module>
   <id>CMM_prompt</id>
   <auto-deploy>true</auto-deploy>
   <configurations>
      
      <!-- Document Library config section -->
      <config condition="DocumentLibrary" evaluator="string-compare" replace="false">
         <aspects>
            <visible>
               <aspect label="prompt:promptable" name="prompt:promptable"/>
            </visible>
         </aspects>
      </config>

      <!-- Form configuration section - type -->
      
      <!-- Form configuration section - aspect -->
      <config condition="prompt:promptable" evaluator="aspect">
         <forms>
            <form>
               <field-visibility>
                  <show id="prompt:question"/>
                  <show id="prompt:answer"/>
               </field-visibility>
               <appearance>
                  <set appearance="whitespace" id="prompt:promptable_cmm_set0"/>
                  <field id="prompt:question" set="prompt:promptable_cmm_set0">
                     <control template="/org/alfresco/components/form/controls/textarea.ftl">
                     </control>
                  </field>
                  <field id="prompt:answer" set="prompt:promptable_cmm_set0">
                     <control template="/org/alfresco/components/form/controls/textarea.ftl">
                     </control>
                  </field>
               </appearance>
            </form>
         </forms>
      </config>
      
      <!-- Entity form designer configuration -->
      <config condition="FormDefinition" evaluator="string-compare">
         <form-definition id="promptable">[{"elementconfig":{"label":"","appearance":"title"},"pseudonym":"cmm/editor/layout/1cols","label":"cmm.form-editor.palette.one-column","column":[{"pseudonym":"cmm/editor/property/text","id":"prompt:question","elementconfig":{"infoname":"question","infolabel":"Question","infotype":"d:text","controltype":"textarea","for-mode":"any","style":"","styleclass":"","read-only":false,"force":false,"hidden":false},"label":"Question [question]","type":["property"],"alfValidForm":true},{"pseudonym":"cmm/editor/property/text","id":"prompt:answer","elementconfig":{"infoname":"answer","infolabel":"Answer","infotype":"d:text","controltype":"textarea","for-mode":"any","style":"","styleclass":"","read-only":false,"force":false,"hidden":false},"label":"Answer [answer]","type":["property"],"alfValidForm":true}],"type":"{type}"}]</form-definition>
      </config>

   </configurations>
</module>
